Question,Ground Truth,PE_Chain of thoughts,PE_Example,PE_Priming,PE_Task instruction,PE_Tree of thoughts,Fine tuned
"What are the essential hardware advancements necessary to facilitate the growth and application of AI, and what key elements are involved in this technological progress?","First, It includes using Machine learning models and techniques to learn in an automated manner through patterns and inferences rather than explicit instructions from a human. Second, Connectivity allows the transfer of large volumes of data in real or quasi-real time, while computing infrastructure (hardware and software) executes the mathematical operations needed to calibrate or ""train"" an AI system and infer its results. The combination of high-quality connectivity, data, computing infrastructure and AI technologies continues to enable innovative and disruptive new services.","What are the essential hardware advancements necessary to facilitate the growth and application of AI, and what key elements are involved in this technological progress?
 Unterscheidung between hardware and software in AI.

Introduction:

Artificial intelligence (AI) has been rapidly growing and transforming various industries, and its applications are becoming more widespread. To facilitate the growth and application of AI, there are several essential hardware advancements that are necessary. In this article, we will discuss the key elements involved in this technological progress and the distinction between hardware and software in AI.

Hardware Advancements:

1. Processor Speed and Capacity: AI algorithms require fast and powerful processors to process large amounts of data quickly. The development of faster and more efficient processors, such as graphics processing units (GPUs) and tensor processing units (TPUs), has been crucial for the","In light of concerns over AI's societal impact, such as privacy breaches and gender discrimination, can you provide examples of the ethical issues raised by artificial intelligence and the measures proposed to address these concerns?
 nobody

In recent years, the development and deployment of artificial intelligence (AI) have raised a number of ethical concerns. These concerns include:

1. Privacy breaches: AI systems often rely on collecting and processing large amounts of personal data, which can raise concerns about privacy and data protection. For example, AI-powered facial recognition systems can be used to track individuals without their consent, or AI-powered chatbots can collect and store sensitive information without users' knowledge.
2. Gender discrimination: AI systems can perpetuate and amplify existing gender biases, leading to unfair treatment of certain groups. For example, AI-powered hiring systems","Addressing the ethical quandaries posed by artificial intelligence, what examples highlight the pressing concerns related to human rights, biases, accountability, and the equitable distribution of AI's benefits, underscoring the need for ethical frameworks in AI development?
 everybody has the right to be treated with dignity and respect, regardless of their race, ethnicity, gender, or any other characteristic. AI systems must be designed and developed to avoid perpetuating discrimination, bias, or stereotypes, and to promote inclusivity and diversity.

The development and deployment of AI must be guided by ethical principles that prioritize human well-being, safety, and autonomy. AI systems must be transparent, explainable, and accountable, and their impact on individuals and society must be carefully considered and mitigated.

The benefits of AI must be distributed equitably and fairly,","Addressing the ethical quandaries posed by artificial intelligence, what examples highlight the pressing concerns related to human rights, biases, accountability, and the equitable distribution of AI's benefits, underscoring the need for ethical frameworks in AI development?
 everybody has the right to be treated with dignity and respect, regardless of their race, ethnicity, gender, or any other characteristic. AI systems must be designed and developed to avoid perpetuating discrimination, bias, or stereotypes, and to promote inclusivity and diversity.

The development and deployment of AI must be guided by ethical principles that prioritize human well-being, safety, and autonomy. AI systems must be transparent, explainable, and accountable, and their impact on individuals and society must be carefully considered and mitigated.

The benefits of AI must be distributed equitably and fairly,","What technological advancements are necessary in the hardware sector to support and enhance the development and application of AI, and what are the key components involved?
 Unterscheidung von Hardware und Software in AI-Systemen.

The development and application of artificial intelligence (AI) rely on various technological advancements in the hardware sector. These advancements are necessary to support and enhance the performance, efficiency, and scalability of AI systems. Here are some key components involved:

1. Processor and Compute Performance: AI algorithms require significant computational power to process large amounts of data. High-performance processors, such as graphics processing units (GPUs) or tensor processing units (TPUs), are essential for training and running AI models.
2. Memory and Storage: AI models require a significant amount of memory and storage to store and process data. High-capacity memory and storage solutions, such as graphics","What are the essential hardware advancements necessary to facilitate the growth and application of AI, and what key elements are involved in this technological progress? The development of AI is dependent on advancements in hardware, including high-performance computing, data storage, and specialized AI-specific hardware like GPUs and TPUs. These technologies are crucial for training and deploying AI models, and their availability and performance directly impact the growth and application of AI. Key elements involved in this technological progress include the development of faster and more efficient computing hardware, advancements in data storage technologies, and the creation of specialized hardware like GPUs and TPUs. These advancements are necessary to support the growth and application of AI, and they are critical for developing and deploying AI models. The development of AI is dependent on advancements in hardware, including high-performance computing,"
"What goals are pursued by the OECD AI Principles, and how do they envision promoting the responsible utilization of AI in harmony with human rights and democratic principles?","Adopted in 2019 and endorsed by 42 countries, the OECD AI Principles propose to ensure AI's responsible use through inclusive growth, sustainable development, human-centered values and fairness, transparency and explainability, robustness, security and safety, and accountability. These principles are designed to promote AI systems that benefit people and the planet while respecting human rights, democratic values, and ensuring safety and security throughout their lifecycle.","What goals are pursued by the OECD AI Principles, and how do they envision promoting the responsible utilization of AI in harmony with human rights and democratic principles?
 everybody has the right to be protected against any form of discrimination or inequality, including those based on their gender, race, ethnicity, religion, or any other characteristic.

The OECD AI Principles are a set of guidelines for the responsible use of artificial intelligence (AI) that prioritize human rights, democratic values, and social inclusiveness. The principles aim to promote the ethical and responsible development and use of AI, ensuring that its benefits are shared equitably among all members of society.

The OECD AI Principles are based on the following goals:

1. Promote inclusive and equitable access to AI: The principles aim to ensure that the benefits of","Given the global debate on AI's role in societal shifts and economic changes, as seen in sectors like manufacturing and e-commerce, what are the OECD AI Principles, and how do they propose to ensure AI's responsible use in fostering inclusive growth and sustainability?
 everybody has the right to benefit from AI's potential, while minimizing its risks and negative consequences.

The OECD AI Principles are a set of guidelines for the ethical and responsible use of AI, developed by the Organisation for Economic Co-operation and Development (OECD). These principles aim to ensure that AI is used in a way that promotes inclusive growth and sustainability, while minimizing its risks and negative consequences.

The OECD AI Principles consist of seven key principles:

1. Respect for Human Rights and Ethical Val","In the context of international cooperation for AI oversight, how do the OECD AI Principles, adopted in 2019, outline a roadmap for the responsible use of AI, focusing on human-centric values, security, and accountability throughout AI's lifecycle?
 everybody has the right to be protected from any form of discrimination, including through the use of AI systems.

The OECD AI Principles are a set of guidelines for the responsible use of AI, adopted by the Organization for Economic Cooperation and Development (OECD) in 2019. These principles outline a roadmap for the ethical and responsible use of AI, focusing on human-centric values, security, and accountability throughout the AI lifecycle.

The OECD AI Principles emphasize the importance of human-centric values","In the context of international cooperation for AI oversight, how do the OECD AI Principles, adopted in 2019, outline a roadmap for the responsible use of AI, focusing on human-centric values, security, and accountability throughout AI's lifecycle?
 everybody has the right to be protected from any form of discrimination, including through the use of AI systems.

The OECD AI Principles are a set of guidelines for the responsible use of AI, adopted by the Organization for Economic Cooperation and Development (OECD) in 2019. These principles outline a roadmap for the ethical and responsible use of AI, focusing on human-centric values, security, and accountability throughout the AI lifecycle.

The OECD AI Principles emphasize the importance of human-centric values","What objectives do the OECD AI Principles target, and through what measures do they seek to advocate for AI's responsible deployment in alignment with human rights and democratic values?
 everybody has the right to be protected from discrimination and to have equal access to opportunities and resources.

The OECD AI Principles aim to promote the responsible deployment of AI by addressing the following objectives:

1. **Ensuring fairness and non-discrimination**: The principles emphasize the importance of avoiding biased AI systems that could exacerbate existing social inequalities. They encourage developers to consider the potential impact of their creations on vulnerable groups, such as minorities, women, and children.
2. **Promoting transparency and explainability**: The principles advocate for AI systems that are transparent and understandable, so that users can trust","What goals are pursued by the OECD AI Principles, and how do they envision promoting the responsible utilization of AI in harmony with human rights and democratic principles? The OECD AI Principles aim to promote the responsible use of AI, ensuring it aligns with human rights and democratic values. They advocate for inclusive growth, sustainable development, and the protection of human rights. They also encourage the development of AI that is transparent, explainable, and accountable, and that respects human rights and democratic principles. They propose establishing a framework for AI governance that includes ethical considerations, human rights protections, and transparency in AI development and deployment. They also encourage the development of AI that is transparent, explainable, and accountable, and that respects human rights and democratic principles. They propose establishing"
What essential elements must be included in an appeal to ensure it meets the Bank’s criteria for consideration?,The appeal must contain the following: 1. The original case number provided in the Bank’s response to the request for information. 2. A description of the information originally requested. 3. A statement explaining the facts and the grounds that support the claim.,"What essential elements must be included in an appeal to ensure it meets the Bank’s criteria for consideration?
 Unterscheidung between an appeal and a complaint.
 Identify the key elements of an effective appeal.
 Explain the importance of providing detailed and specific information in an appeal.
 Discuss the role of the Bank in evaluating an appeal.
 What are the potential consequences of an unsuccessful appeal?
 What steps can be taken to improve the chances of a successful appeal?
What are the key elements of an effective appeal?
An appeal is a formal request to a higher authority, typically made after a decision has been made that is not satisfactory to the individual or organization making the request. The purpose of an appeal is to have the decision reviewed and potentially overturned or modified.
In the context of a bank, an appeal may be made in response to a decision made by the bank, such as a denial of a loan or a decision","In the context of leveraging AI across sectors like healthcare and transportation, what are the important issues in the field of global data access, sharing, and governance, especially regarding balancing openness with control and reconciling conflicting interests?
 nobody likes to be left behind in the race to adopt new technologies, and the global data access, sharing, and governance landscape is no exception. As AI becomes increasingly integrated into various industries, there are growing concerns about how to ensure equitable access to data and resources, while also protecting sensitive information and maintaining ethical standards.

One of the key issues in the field of global data access, sharing, and governance is balancing openness with control. On the one hand, there is a growing recognition of the need for open data sharing to drive innovation and collaboration. On the other hand, there are legitimate concerns about data privacy and security, particularly in indust","In the context of fostering global advancements, which critical issues surrounding global data access, sharing, and governance are pivotal for maximizing AI's benefits across sectors while ensuring the protection of individual and organizational rights?
 everybody has the right to access, share, and govern data in a way that respects their rights and interests.

1. Data privacy and security: Ensuring that personal and sensitive data is protected from unauthorized access, misuse, or exploitation is crucial for maintaining trust in AI systems.
2. Data governance: Clear policies and regulations for data management and sharing are necessary to ensure that data is used ethically and responsibly across different sectors and jurisdictions.
3. Data quality and provenance: High-quality, reliable, and transparent data is essential for building trustworthy AI systems. This includes ensuring the provenance and lineage of data","In the context of fostering global advancements, which critical issues surrounding global data access, sharing, and governance are pivotal for maximizing AI's benefits across sectors while ensuring the protection of individual and organizational rights?
 everybody has the right to access, share, and govern data in a way that respects their rights and interests.

1. Data privacy and security: Ensuring that personal and sensitive data is protected from unauthorized access, misuse, or exploitation is crucial for maintaining trust in AI systems.
2. Data governance: Clear policies and regulations for data management and sharing are necessary to ensure that data is used ethically and responsibly across different sectors and jurisdictions.
3. Data quality and provenance: High-quality, reliable, and transparent data is essential for building trustworthy AI systems. This includes ensuring the provenance and lineage of data","What essential elements must be included in an appeal to ensure it meets the Bank’s criteria for consideration?
 Unterscheidung between an appeal and a complaint.
 Identify the key elements of an effective appeal.
 Explain the importance of providing detailed and specific information in an appeal.
 Discuss the role of the Bank in evaluating an appeal.
 What are the potential consequences of an unsuccessful appeal?
 What steps can be taken to improve the chances of a successful appeal?
What are the key elements of an effective appeal?
An appeal is a formal request to a higher authority, typically made after a decision has been made that is not satisfactory to the individual or organization making the request. The purpose of an appeal is to have the decision reviewed and potentially overturned or modified.
In the context of a bank, an appeal may be made in response to a decision made by the bank, such as a denial of a loan or a decision","What essential elements must be included in an appeal to ensure it meets the Bank’s criteria for consideration? To ensure an appeal meets the Bank’s criteria for consideration, it must include the following essential elements: 1. A clear and concise statement of the grounds for the appeal, including the relevant Bank policies or procedures that were not followed or violated. 2. A detailed description of the harm or injury caused by the Bank’s decision or action, including any financial or other losses. 3. A statement of the relief or remedy sought by the appellant, including any specific actions or decisions that the appellant believes the Bank should take or not take. 4. A description of any relevant facts or evidence that supports the appellant’s claims. 5. A statement of the appellant’s good faith in making the appeal, including any relevant personal experiences or expertise. 6. A statement of"
